first_name;last_name;email
Inger;Longmuir;ilongmuir0@oaic.gov.au
Augustina;Toone;atoone1@tinypic.com
Joletta;Pinare;jpinare2@mac.com
Kacey;Bril;kbril3@mit.edu
Jule;Cheal;jcheal4@nifty.com
Marijo;Hamshere;mhamshere5@sbwire.com
Natalya;Witty;nwitty6@scientificamerican.com
Bil;Sleeman;bsleeman7@globo.com
Sonnie;Elcoate;selcoate8@last.fm
Camella;D'Aulby;cdaulby9@washingtonpost.com
Ingram;Lowe;ilowea@stumbleupon.com
Gabriella;Durie;gdurieb@sitemeter.com
Tiphany;Tuplin;ttuplinc@oakley.com
Chaddy;McSherry;cmcsherryd@dmoz.org
Garwood;Cory;gcorye@exblog.jp
Rhona;Meron;rmeronf@jiathis.com
Mandy;Dickerson;mdickersong@vinaora.com
Nehemiah;Mockes;nmockesh@istockphoto.com
Hi;Jakovijevic;hjakovijevici@theguardian.com
Margi;Phuprate;mphupratej@qq.com
Bonni;Gosker;bgoskerk@skype.com
Cleveland;Scedall;cscedalll@goodreads.com
Vin;Impett;vimpettm@creativecommons.org
Terencio;Meader;tmeadern@example.com
Tish;Phelipeaux;tphelipeauxo@behance.net
Doe;Gabey;dgabeyp@paginegialle.it
Brodie;Durdy;bdurdyq@vistaprint.com
Emmery;Pulham;epulhamr@berkeley.edu
Sisely;Schrinel;sschrinels@drupal.org
Lorain;Seifert;lseifertt@washington.edu
Tresa;Feldmus;tfeldmusu@ow.ly
